{"cameraMode":{"drawMode":0,"name":"Shaded","section":"Shading Mode"},"sceneLighting":true,"audioPlay":false,"sceneViewState":{"m_AlwaysRefresh":false,"showFog":true,"showSkybox":true,"showFlares":true,"showImageEffects":true,"showParticleSystems":true,"showVisualEffectGraphs":true,"m_FxEnabled":true},"in2DMode":false,"pivot":{"x":4.162503719329834,"y":1.5131397247314454,"z":1.0899982452392579},"rotation":{"x":0.002053134376183152,"y":0.6462020874023438,"z":0.0017391100991517306,"w":-0.7631670236587524},"size":2.3353734016418459,"orthographic":false}