{"cameraMode":{"drawMode":0,"name":"Shaded","section":"Shading Mode"},"sceneLighting":true,"audioPlay":false,"sceneViewState":{"m_AlwaysRefresh":false,"showFog":true,"showSkybox":true,"showFlares":true,"showImageEffects":true,"showParticleSystems":true,"showVisualEffectGraphs":true,"m_FxEnabled":true},"in2DMode":false,"pivot":{"x":-2.6882636547088625,"y":3.1067824363708498,"z":1.2978085279464722},"rotation":{"x":-0.23213264346122743,"y":0.018087871372699739,"z":-0.004318218678236008,"w":-0.9725125432014465},"size":0.8660253882408142,"orthographic":false}